{"cameraMode":{"drawMode":0,"name":"Shaded","section":"Shading Mode"},"sceneLighting":true,"audioPlay":false,"sceneViewState":{"showFog":false,"showMaterialUpdate":false,"showSkybox":false,"showFlares":false,"showImageEffects":false,"showParticleSystems":false},"in2DMode":false,"pivot":{"x":0.38972675800323489,"y":2.6242098808288576,"z":-3.8166990280151369},"rotation":{"x":0.2566084563732147,"y":0.07639894634485245,"z":-0.03600764647126198,"w":0.9634087681770325},"size":3.1044936180114748,"orthographic":false}