{"cameraMode":{"drawMode":0,"name":"Shaded","section":"Shading Mode"},"sceneLighting":true,"audioPlay":false,"sceneViewState":{"showFog":false,"showMaterialUpdate":false,"showSkybox":false,"showFlares":false,"showImageEffects":false,"showParticleSystems":false},"in2DMode":false,"pivot":{"x":8.865407943725586,"y":-0.29302147030830386,"z":-6.8201093673706059},"rotation":{"x":0.09033644199371338,"y":0.8553533554077148,"z":-0.1973094940185547,"w":0.4717285633087158},"size":7.927191734313965,"orthographic":false}