{"cameraMode":{"drawMode":0,"name":"Shaded","section":"Shading Mode"},"sceneLighting":true,"audioPlay":false,"sceneViewState":{"showFog":false,"showMaterialUpdate":false,"showSkybox":false,"showFlares":false,"showImageEffects":false,"showParticleSystems":false},"in2DMode":false,"pivot":{"x":-1.3458130359649659,"y":2.7868728637695314,"z":-5.864405155181885},"rotation":{"x":0.21586763858795167,"y":0.2235945761203766,"z":-0.06570794433355332,"w":0.9488168954849243},"size":3.1044936180114748,"orthographic":false}