{"cameraMode":{"drawMode":0,"name":"Shaded","section":"Shading Mode"},"sceneLighting":false,"audioPlay":false,"sceneViewState":{"showFog":false,"showMaterialUpdate":false,"showSkybox":false,"showFlares":false,"showImageEffects":false,"showParticleSystems":false},"in2DMode":false,"pivot":{"x":-3.2224197387695314,"y":-4.394526958465576,"z":-3.7327849864959719},"rotation":{"x":-0.06646853685379029,"y":0.9245926141738892,"z":-0.282221257686615,"w":-0.24890246987342835},"size":21.054222106933595,"orthographic":false}